{
  "logistic_regression": {
    "auprc": 0.696190936463428,
    "avg_precision": 0.6547795368397009,
    "classification_report": {
      "0": {
        "precision": 0.9998352078441066,
        "recall": 0.972276751732703,
        "f1-score": 0.9858634277125564,
        "support": 24961.0
      },
      "1": {
        "precision": 0.048143053645116916,
        "recall": 0.8974358974358975,
        "f1-score": 0.09138381201044386,
        "support": 39.0
      },
      "accuracy": 0.97216,
      "macro avg": {
        "precision": 0.5239891307446117,
        "recall": 0.9348563245843002,
        "f1-score": 0.5386236198615001,
        "support": 25000.0
      },
      "weighted avg": {
        "precision": 0.9983505680835563,
        "recall": 0.97216,
        "f1-score": 0.9844680395120612,
        "support": 25000.0
      }
    }
  },
  "random_forest": {
    "auprc": 0.7358968958935547,
    "avg_precision": 0.7321967615445587,
    "classification_report": {
      "0": {
        "precision": 0.9995594184323306,
        "recall": 0.9997996875125196,
        "f1-score": 0.9996795385354911,
        "support": 24961.0
      },
      "1": {
        "precision": 0.8484848484848485,
        "recall": 0.717948717948718,
        "f1-score": 0.7777777777777778,
        "support": 39.0
      },
      "accuracy": 0.99936,
      "macro avg": {
        "precision": 0.9240221334585896,
        "recall": 0.8588742027306188,
        "f1-score": 0.8887286581566345,
        "support": 25000.0
      },
      "weighted avg": {
        "precision": 0.9993237421032126,
        "recall": 0.99936,
        "f1-score": 0.9993333717887091,
        "support": 25000.0
      }
    }
  },
  "gradient_boosting": {
    "auprc": 0.5919823415718951,
    "avg_precision": 0.5309950347753737,
    "classification_report": {
      "0": {
        "precision": 0.9993592310772927,
        "recall": 0.9997195625175274,
        "f1-score": 0.9995393643227655,
        "support": 24961.0
      },
      "1": {
        "precision": 0.7666666666666667,
        "recall": 0.5897435897435898,
        "f1-score": 0.6666666666666666,
        "support": 39.0
      },
      "accuracy": 0.99908,
      "macro avg": {
        "precision": 0.8830129488719798,
        "recall": 0.7947315761305586,
        "f1-score": 0.8331030154947161,
        "support": 25000.0
      },
      "weighted avg": {
        "precision": 0.9989962306768123,
        "recall": 0.99908,
        "f1-score": 0.9990200829144219,
        "support": 25000.0
      }
    }
  },
  "lightgbm": {
    "auprc": 0.6963900000153523,
    "avg_precision": 0.6991683818580644,
    "classification_report": {
      "0": {
        "precision": 0.9995994071225414,
        "recall": 0.9996795000200313,
        "f1-score": 0.9996394519669898,
        "support": 24961.0
      },
      "1": {
        "precision": 0.7837837837837838,
        "recall": 0.7435897435897436,
        "f1-score": 0.7631578947368421,
        "support": 39.0
      },
      "accuracy": 0.99928,
      "macro avg": {
        "precision": 0.8916915954531626,
        "recall": 0.8716346218048874,
        "f1-score": 0.8813986733519159,
        "support": 25000.0
      },
      "weighted avg": {
        "precision": 0.9992627347501328,
        "recall": 0.99928,
        "f1-score": 0.9992705407377107,
        "support": 25000.0
      }
    }
  },
  "mlp": {
    "auprc": 0.720833974598382,
    "avg_precision": 0.7223743270569019,
    "classification_report": {
      "0": {
        "precision": 0.9995593654863003,
        "recall": 0.9996795000200313,
        "f1-score": 0.9996194291437156,
        "support": 24961.0
      },
      "1": {
        "precision": 0.7777777777777778,
        "recall": 0.717948717948718,
        "f1-score": 0.7466666666666667,
        "support": 39.0
      },
      "accuracy": 0.99924,
      "macro avg": {
        "precision": 0.888668571632039,
        "recall": 0.8588141089843746,
        "f1-score": 0.8731430479051911,
        "support": 25000.0
      },
      "weighted avg": {
        "precision": 0.999213386209475,
        "recall": 0.99924,
        "f1-score": 0.9992248228342514,
        "support": 25000.0
      }
    }
  }
}