{
  "logistic_regression": {
    "auprc": 0.7122264789156678,
    "avg_precision": 0.6820672077226024,
    "classification_report": {
      "0": {
        "precision": 0.9997944670530686,
        "recall": 0.9745171888773139,
        "f1-score": 0.9869940144060059,
        "support": 24958.0
      },
      "1": {
        "precision": 0.0549777117384844,
        "recall": 0.8809523809523809,
        "f1-score": 0.1034965034965035,
        "support": 42.0
      },
      "accuracy": 0.97436,
      "macro avg": {
        "precision": 0.5273860893957765,
        "recall": 0.9277347849148474,
        "f1-score": 0.5452452589512546,
        "support": 25000.0
      },
      "weighted avg": {
        "precision": 0.9982071749041401,
        "recall": 0.97436,
        "f1-score": 0.9855097385876779,
        "support": 25000.0
      }
    }
  },
  "random_forest": {
    "auprc": 0.7710434364086305,
    "avg_precision": 0.7672059152033016,
    "classification_report": {
      "0": {
        "precision": 0.9993592823962838,
        "recall": 0.999919865373828,
        "f1-score": 0.9996394952934108,
        "support": 24958.0
      },
      "1": {
        "precision": 0.9285714285714286,
        "recall": 0.6190476190476191,
        "f1-score": 0.7428571428571429,
        "support": 42.0
      },
      "accuracy": 0.99928,
      "macro avg": {
        "precision": 0.9639653554838562,
        "recall": 0.8094837422107235,
        "f1-score": 0.8712483190752769,
        "support": 25000.0
      },
      "weighted avg": {
        "precision": 0.9992403588018581,
        "recall": 0.99928,
        "f1-score": 0.9992081009413178,
        "support": 25000.0
      }
    }
  },
  "gradient_boosting": {
    "auprc": 0.5596261523516558,
    "avg_precision": 0.5019411814542569,
    "classification_report": {
      "0": {
        "precision": 0.9993991828887286,
        "recall": 0.9997195288083981,
        "f1-score": 0.9995593301818765,
        "support": 24958.0
      },
      "1": {
        "precision": 0.7941176470588235,
        "recall": 0.6428571428571429,
        "f1-score": 0.7105263157894737,
        "support": 42.0
      },
      "accuracy": 0.99912,
      "macro avg": {
        "precision": 0.8967584149737761,
        "recall": 0.8212883358327705,
        "f1-score": 0.855042822985675,
        "support": 25000.0
      },
      "weighted avg": {
        "precision": 0.9990543099085345,
        "recall": 0.99912,
        "f1-score": 0.9990737547176971,
        "support": 25000.0
      }
    }
  },
  "lightgbm": {
    "auprc": 0.7861420557346539,
    "avg_precision": 0.7861625654527477,
    "classification_report": {
      "0": {
        "precision": 0.9996394375225351,
        "recall": 0.9997595961214841,
        "f1-score": 0.9996995132114025,
        "support": 24958.0
      },
      "1": {
        "precision": 0.8461538461538461,
        "recall": 0.7857142857142857,
        "f1-score": 0.8148148148148148,
        "support": 42.0
      },
      "accuracy": 0.9994,
      "macro avg": {
        "precision": 0.9228966418381906,
        "recall": 0.8927369409178849,
        "f1-score": 0.9072571640131086,
        "support": 25000.0
      },
      "weighted avg": {
        "precision": 0.9993815817290357,
        "recall": 0.9994,
        "f1-score": 0.9993889069180962,
        "support": 25000.0
      }
    }
  },
  "mlp": {
    "auprc": 0.7460697648402703,
    "avg_precision": 0.7477739548124243,
    "classification_report": {
      "0": {
        "precision": 0.9995993429223927,
        "recall": 0.9996393941822261,
        "f1-score": 0.9996193681511308,
        "support": 24958.0
      },
      "1": {
        "precision": 0.7804878048780488,
        "recall": 0.7619047619047619,
        "f1-score": 0.7710843373493976,
        "support": 42.0
      },
      "accuracy": 0.99924,
      "macro avg": {
        "precision": 0.8900435739002208,
        "recall": 0.880772078043494,
        "f1-score": 0.8853518527502642,
        "support": 25000.0
      },
      "weighted avg": {
        "precision": 0.9992312355384783,
        "recall": 0.99924,
        "f1-score": 0.999235429299384,
        "support": 25000.0
      }
    }
  }
}