{
  "logistic_regression": {
    "auprc": 0.7455236053172631,
    "avg_precision": 0.7359255643823389,
    "classification_report": {
      "0": {
        "precision": 0.9998760228118027,
        "recall": 0.9693509615384616,
        "f1-score": 0.9843769071158306,
        "support": 24960.0
      },
      "1": {
        "precision": 0.046134663341645885,
        "recall": 0.925,
        "f1-score": 0.08788598574821853,
        "support": 40.0
      },
      "accuracy": 0.96928,
      "macro avg": {
        "precision": 0.5230053430767243,
        "recall": 0.9471754807692307,
        "f1-score": 0.5361314464320246,
        "support": 25000.0
      },
      "weighted avg": {
        "precision": 0.9983500366366505,
        "recall": 0.96928,
        "f1-score": 0.9829425216416424,
        "support": 25000.0
      }
    }
  },
  "random_forest": {
    "auprc": 0.8689831481936591,
    "avg_precision": 0.8629727889336246,
    "classification_report": {
      "0": {
        "precision": 0.9996795256980331,
        "recall": 0.9997996794871795,
        "f1-score": 0.9997395989824329,
        "support": 24960.0
      },
      "1": {
        "precision": 0.8648648648648649,
        "recall": 0.8,
        "f1-score": 0.8311688311688312,
        "support": 40.0
      },
      "accuracy": 0.99948,
      "macro avg": {
        "precision": 0.932272195281449,
        "recall": 0.8998998397435898,
        "f1-score": 0.9154542150756321,
        "support": 25000.0
      },
      "weighted avg": {
        "precision": 0.9994638222407,
        "recall": 0.99948,
        "f1-score": 0.9994698857539311,
        "support": 25000.0
      }
    }
  },
  "gradient_boosting": {
    "auprc": 0.6891440861982102,
    "avg_precision": 0.5821692787524172,
    "classification_report": {
      "0": {
        "precision": 0.9995993108146011,
        "recall": 0.9994791666666667,
        "f1-score": 0.9995392351303163,
        "support": 24960.0
      },
      "1": {
        "precision": 0.6976744186046512,
        "recall": 0.75,
        "f1-score": 0.7228915662650602,
        "support": 40.0
      },
      "accuracy": 0.99908,
      "macro avg": {
        "precision": 0.8486368647096261,
        "recall": 0.8747395833333333,
        "f1-score": 0.8612154006976882,
        "support": 25000.0
      },
      "weighted avg": {
        "precision": 0.9991162309870653,
        "recall": 0.99908,
        "f1-score": 0.9990965988601318,
        "support": 25000.0
      }
    }
  },
  "lightgbm": {
    "auprc": 0.8159249178554017,
    "avg_precision": 0.8063944092323262,
    "classification_report": {
      "0": {
        "precision": 0.999719584985779,
        "recall": 0.9998397435897436,
        "f1-score": 0.9997796606774433,
        "support": 24960.0
      },
      "1": {
        "precision": 0.8918918918918919,
        "recall": 0.825,
        "f1-score": 0.8571428571428571,
        "support": 40.0
      },
      "accuracy": 0.99956,
      "macro avg": {
        "precision": 0.9458057384388354,
        "recall": 0.9124198717948717,
        "f1-score": 0.9284612589101502,
        "support": 25000.0
      },
      "weighted avg": {
        "precision": 0.9995470606768289,
        "recall": 0.99956,
        "f1-score": 0.9995514417917879,
        "support": 25000.0
      }
    }
  },
  "mlp": {
    "auprc": 0.7175016150139711,
    "avg_precision": 0.7200768110622771,
    "classification_report": {
      "0": {
        "precision": 0.9996794871794872,
        "recall": 0.9996794871794872,
        "f1-score": 0.9996794871794872,
        "support": 24960.0
      },
      "1": {
        "precision": 0.8,
        "recall": 0.8,
        "f1-score": 0.8,
        "support": 40.0
      },
      "accuracy": 0.99936,
      "macro avg": {
        "precision": 0.8998397435897436,
        "recall": 0.8998397435897436,
        "f1-score": 0.8998397435897436,
        "support": 25000.0
      },
      "weighted avg": {
        "precision": 0.99936,
        "recall": 0.99936,
        "f1-score": 0.99936,
        "support": 25000.0
      }
    }
  }
}