{
  "logistic_regression": {
    "auprc": 0.7431449001329916,
    "avg_precision": 0.7039195993469429,
    "classification_report": {
      "0": {
        "precision": 0.9997984480499849,
        "recall": 0.9770396319588064,
        "f1-score": 0.9882880318770457,
        "support": 71079.0
      },
      "1": {
        "precision": 0.06260769672601953,
        "recall": 0.8861788617886179,
        "f1-score": 0.11695278969957082,
        "support": 123.0
      },
      "accuracy": 0.9768826718350608,
      "macro avg": {
        "precision": 0.5312030723880022,
        "recall": 0.9316092468737122,
        "f1-score": 0.5526204107883083,
        "support": 71202.0
      },
      "weighted avg": {
        "precision": 0.9981794701783964,
        "recall": 0.9768826718350608,
        "f1-score": 0.9867828180517623,
        "support": 71202.0
      }
    }
  },
  "random_forest": {
    "auprc": 0.8407046965012025,
    "avg_precision": 0.8351035551758237,
    "classification_report": {
      "0": {
        "precision": 0.9995359237227355,
        "recall": 0.9999577934411007,
        "f1-score": 0.9997468140771373,
        "support": 71079.0
      },
      "1": {
        "precision": 0.967741935483871,
        "recall": 0.7317073170731707,
        "f1-score": 0.8333333333333334,
        "support": 123.0
      },
      "accuracy": 0.9994943962248252,
      "macro avg": {
        "precision": 0.9836389296033032,
        "recall": 0.8658325552571358,
        "f1-score": 0.9165400737052354,
        "support": 71202.0
      },
      "weighted avg": {
        "precision": 0.9994810002577572,
        "recall": 0.9994943962248252,
        "f1-score": 0.9994593381897818,
        "support": 71202.0
      }
    }
  },
  "gradient_boosting": {
    "auprc": 0.22784350272619971,
    "avg_precision": 0.18030177944389003,
    "classification_report": {
      "0": {
        "precision": 0.9985808627230575,
        "recall": 0.9998593114703358,
        "f1-score": 0.9992196781699696,
        "support": 71079.0
      },
      "1": {
        "precision": 0.6875,
        "recall": 0.17886178861788618,
        "f1-score": 0.2838709677419355,
        "support": 123.0
      },
      "accuracy": 0.9984410550265442,
      "macro avg": {
        "precision": 0.8430404313615287,
        "recall": 0.589360550044111,
        "f1-score": 0.6415453229559526,
        "support": 71202.0
      },
      "weighted avg": {
        "precision": 0.9980434768895846,
        "recall": 0.9984410550265442,
        "f1-score": 0.9979839278907267,
        "support": 71202.0
      }
    }
  }
}